-- MySQL dump 10.13  Distrib 8.0.31, for Win64 (x86_64)
--
-- Host: 192.168.1.38    Database: piezasyproveedores
-- ------------------------------------------------------
-- Server version	8.0.31

/*!40101 SET @OLD_CHARACTER_SET_CLIENT=@@CHARACTER_SET_CLIENT */;
/*!40101 SET @OLD_CHARACTER_SET_RESULTS=@@CHARACTER_SET_RESULTS */;
/*!40101 SET @OLD_COLLATION_CONNECTION=@@COLLATION_CONNECTION */;
/*!50503 SET NAMES utf8 */;
/*!40103 SET @OLD_TIME_ZONE=@@TIME_ZONE */;
/*!40103 SET TIME_ZONE='+00:00' */;
/*!40014 SET @OLD_UNIQUE_CHECKS=@@UNIQUE_CHECKS, UNIQUE_CHECKS=0 */;
/*!40014 SET @OLD_FOREIGN_KEY_CHECKS=@@FOREIGN_KEY_CHECKS, FOREIGN_KEY_CHECKS=0 */;
/*!40101 SET @OLD_SQL_MODE=@@SQL_MODE, SQL_MODE='NO_AUTO_VALUE_ON_ZERO' */;
/*!40111 SET @OLD_SQL_NOTES=@@SQL_NOTES, SQL_NOTES=0 */;

--
-- Table structure for table `piezas`
--

DROP TABLE IF EXISTS `piezas`;
/*!40101 SET @saved_cs_client     = @@character_set_client */;
/*!50503 SET character_set_client = utf8mb4 */;
CREATE TABLE `piezas` (
  `codigo` int NOT NULL AUTO_INCREMENT,
  `nombre` varchar(100) CHARACTER SET utf8mb3 COLLATE utf8mb3_general_ci NOT NULL,
  PRIMARY KEY (`codigo`)
) ENGINE=InnoDB AUTO_INCREMENT=12 DEFAULT CHARSET=utf8mb4 COLLATE=utf8mb4_0900_ai_ci;
/*!40101 SET character_set_client = @saved_cs_client */;

--
-- Dumping data for table `piezas`
--

LOCK TABLES `piezas` WRITE;
/*!40000 ALTER TABLE `piezas` DISABLE KEYS */;
INSERT INTO `piezas` VALUES (1,'Tornillo'),(2,'Tuerca'),(3,'Chapa'),(4,'Estaño'),(5,'Cobre'),(6,'Arandela'),(7,'Martillo'),(8,'Goma'),(9,'Alambre'),(10,'Junta'),(11,'Troquelado');
/*!40000 ALTER TABLE `piezas` ENABLE KEYS */;
UNLOCK TABLES;

--
-- Table structure for table `proveedores`
--

DROP TABLE IF EXISTS `proveedores`;
/*!40101 SET @saved_cs_client     = @@character_set_client */;
/*!50503 SET character_set_client = utf8mb4 */;
CREATE TABLE `proveedores` (
  `id` char(4) NOT NULL,
  `nombre` varchar(100) CHARACTER SET utf8mb3 COLLATE utf8mb3_general_ci NOT NULL,
  PRIMARY KEY (`id`)
) ENGINE=InnoDB DEFAULT CHARSET=utf8mb4 COLLATE=utf8mb4_0900_ai_ci;
/*!40101 SET character_set_client = @saved_cs_client */;

--
-- Dumping data for table `proveedores`
--

LOCK TABLES `proveedores` WRITE;
/*!40000 ALTER TABLE `proveedores` DISABLE KEYS */;
INSERT INTO `proveedores` VALUES ('1','Leroy merlin'),('100','Aircraft'),('12','Bauhaus'),('14','Ferreteria Loli'),('18','Panaderia del metal'),('20','Exmpresa X'),('22','Proveedor Y'),('24','Tornillos y tuercas'),('25','Cobres Manolo'),('26','Chapa y pintura');
/*!40000 ALTER TABLE `proveedores` ENABLE KEYS */;
UNLOCK TABLES;

--
-- Table structure for table `suministra`
--

DROP TABLE IF EXISTS `suministra`;
/*!40101 SET @saved_cs_client     = @@character_set_client */;
/*!50503 SET character_set_client = utf8mb4 */;
CREATE TABLE `suministra` (
  `codigopieza` int NOT NULL,
  `idproveedor` char(4) NOT NULL,
  `precio` smallint NOT NULL,
  PRIMARY KEY (`codigopieza`,`idproveedor`),
  KEY `idproveedor` (`idproveedor`),
  CONSTRAINT `suministra_ibfk_1` FOREIGN KEY (`codigopieza`) REFERENCES `piezas` (`codigo`) ON DELETE CASCADE ON UPDATE CASCADE,
  CONSTRAINT `suministra_ibfk_2` FOREIGN KEY (`idproveedor`) REFERENCES `proveedores` (`id`) ON DELETE CASCADE ON UPDATE CASCADE
) ENGINE=InnoDB DEFAULT CHARSET=utf8mb4 COLLATE=utf8mb4_0900_ai_ci;
/*!40101 SET character_set_client = @saved_cs_client */;

--
-- Dumping data for table `suministra`
--

LOCK TABLES `suministra` WRITE;
/*!40000 ALTER TABLE `suministra` DISABLE KEYS */;
INSERT INTO `suministra` VALUES (1,'1',100),(2,'12',200),(3,'14',120),(4,'18',150),(5,'20',135),(6,'22',90),(7,'24',72),(8,'25',150),(9,'26',130),(10,'100',300);
/*!40000 ALTER TABLE `suministra` ENABLE KEYS */;
UNLOCK TABLES;
/*!40103 SET TIME_ZONE=@OLD_TIME_ZONE */;

/*!40101 SET SQL_MODE=@OLD_SQL_MODE */;
/*!40014 SET FOREIGN_KEY_CHECKS=@OLD_FOREIGN_KEY_CHECKS */;
/*!40014 SET UNIQUE_CHECKS=@OLD_UNIQUE_CHECKS */;
/*!40101 SET CHARACTER_SET_CLIENT=@OLD_CHARACTER_SET_CLIENT */;
/*!40101 SET CHARACTER_SET_RESULTS=@OLD_CHARACTER_SET_RESULTS */;
/*!40101 SET COLLATION_CONNECTION=@OLD_COLLATION_CONNECTION */;
/*!40111 SET SQL_NOTES=@OLD_SQL_NOTES */;

-- Dump completed on 2022-11-14 10:13:35
